Workbook

Sheet Summary
A1: Team | B1: Bracket | C1: Group | D1: W | E1: D | F1: L | G1: Pts | H1: GF | I1: GA | J1: GD | K1: Form (recent->older)
A2: Germany | B2: Left | C2: E | D2: =COUNTIFS('All Matches'!$A:$A,$A2,'All Matches'!$J:$J,"W") -> 9 | E2: =COUNTIFS('All Matches'!$A:$A,$A2,'All Matches'!$J:$J,"D") -> 0 | F2: =COUNTIFS('All Matches'!$A:$A,$A2,'All Matches'!$J:$J,"L") -> 1 | G2: =D2*3+E2 -> 27 | H2: =SUMIFS('All Matches'!$H:$H,'All Matches'!$A:$A,$A2) -> 31 | I2: =SUMIFS('All Matches'!$I:$I,'All Matches'!$A:$A,$A2) -> 9 | J2: =H2-I2 -> 22 | K2: LWWWWWWWWW
A3: Paraguay | B3: Left | D3: =COUNTIFS('All Matches'!$A:$A,$A3,'All Matches'!$J:$J,"W") -> 4 | E3: =COUNTIFS('All Matches'!$A:$A,$A3,'All Matches'!$J:$J,"D") -> 2 | F3: =COUNTIFS('All Matches'!$A:$A,$A3,'All Matches'!$J:$J,"L") -> 4 | G3: =D3*3+E3 -> 14 | H3: =SUMIFS('All Matches'!$H:$H,'All Matches'!$A:$A,$A3) -> 13 | I3: =SUMIFS('All Matches'!$I:$I,'All Matches'!$A:$A,$A3) -> 13 | J3: =H3-I3 -> 0 | K3: DWLWLWWLLD
A4: France | B4: Left | C4: I | D4: =COUNTIFS('All Matches'!$A:$A,$A4,'All Matches'!$J:$J,"W") -> 8 | E4: =COUNTIFS('All Matches'!$A:$A,$A4,'All Matches'!$J:$J,"D") -> 1 | F4: =COUNTIFS('All Matches'!$A:$A,$A4,'All Matches'!$J:$J,"L") -> 1 | G4: =D4*3+E4 -> 25 | H4: =SUMIFS('All Matches'!$H:$H,'All Matches'!$A:$A,$A4) -> 28 | I4: =SUMIFS('All Matches'!$I:$I,'All Matches'!$A:$A,$A4) -> 10 | J4: =H4-I4 -> 18 | K4: WWWWLWWWWD
A5: Sweden | B5: Left | C5: F | D5: =COUNTIFS('All Matches'!$A:$A,$A5,'All Matches'!$J:$J,"W") -> 3 | E5: =COUNTIFS('All Matches'!$A:$A,$A5,'All Matches'!$J:$J,"D") -> 3 | F5: =COUNTIFS('All Matches'!$A:$A,$A5,'All Matches'!$J:$J,"L") -> 4 | G5: =D5*3+E5 -> 12 | H5: =SUMIFS('All Matches'!$H:$H,'All Matches'!$A:$A,$A5) -> 18 | I5: =SUMIFS('All Matches'!$I:$I,'All Matches'!$A:$A,$A5) -> 21 | J5: =H5-I5 -> -3 | K5: DLWDLWWDLL
A6: South Africa | B6: Left | C6: A | D6: =COUNTIFS('All Matches'!$A:$A,$A6,'All Matches'!$J:$J,"W") -> 2 | E6: =COUNTIFS('All Matches'!$A:$A,$A6,'All Matches'!$J:$J,"D") -> 4 | F6: =COUNTIFS('All Matches'!$A:$A,$A6,'All Matches'!$J:$J,"L") -> 4 | G6: =D6*3+E6 -> 10 | H6: =SUMIFS('All Matches'!$H:$H,'All Matches'!$A:$A,$A6) -> 9 | I6: =SUMIFS('All Matches'!$I:$I,'All Matches'!$A:$A,$A6) -> 12 | J6: =H6-I6 -> -3 | K6: WDLDDLDLWL
A7: Canada | B7: Left | C7: B | D7: =COUNTIFS('All Matches'!$A:$A,$A7,'All Matches'!$J:$J,"W") -> 4 | E7: =COUNTIFS('All Matches'!$A:$A,$A7,'All Matches'!$J:$J,"D") -> 5 | F7: =COUNTIFS('All Matches'!$A:$A,$A7,'All Matches'!$J:$J,"L") -> 1 | G7: =D7*3+E7 -> 17 | H7: =SUMIFS('All Matches'!$H:$H,'All Matches'!$A:$A,$A7) -> 16 | I7: =SUMIFS('All Matches'!$I:$I,'All Matches'!$A:$A,$A7) -> 6 | J7: =H7-I7 -> 10 | K7: LWDDWDDWWD
A8: Netherlands | B8: Left | C8: F | D8: =COUNTIFS('All Matches'!$A:$A,$A8,'All Matches'!$J:$J,"W") -> 6 | E8: =COUNTIFS('All Matches'!$A:$A,$A8,'All Matches'!$J:$J,"D") -> 3 | F8: =COUNTIFS('All Matches'!$A:$A,$A8,'All Matches'!$J:$J,"L") -> 1 | G8: =D8*3+E8 -> 21 | H8: =SUMIFS('All Matches'!$H:$H,'All Matches'!$A:$A,$A8) -> 24 | I8: =SUMIFS('All Matches'!$I:$I,'All Matches'!$A:$A,$A8) -> 9 | J8: =H8-I8 -> 15 | K8: WWDWLDWWDW
A9: Morocco | B9: Left | C9: C | D9: =COUNTIFS('All Matches'!$A:$A,$A9,'All Matches'!$J:$J,"W") -> 6 | E9: =COUNTIFS('All Matches'!$A:$A,$A9,'All Matches'!$J:$J,"D") -> 3 | F9: =COUNTIFS('All Matches'!$A:$A,$A9,'All Matches'!$J:$J,"L") -> 1 | G9: =D9*3+E9 -> 21 | H9: =SUMIFS('All Matches'!$H:$H,'All Matches'!$A:$A,$A9) -> 16 | I9: =SUMIFS('All Matches'!$I:$I,'All Matches'!$A:$A,$A9) -> 7 | J9: =H9-I9 -> 9 | K9: WWDDWWDLWW
A10: Portugal | B10: Left | C10: K | D10: =COUNTIFS('All Matches'!$A:$A,$A10,'All Matches'!$J:$J,"W") -> 5 | E10: =COUNTIFS('All Matches'!$A:$A,$A10,'All Matches'!$J:$J,"D") -> 4 | F10: =COUNTIFS('All Matches'!$A:$A,$A10,'All Matches'!$J:$J,"L") -> 1 | G10: =D10*3+E10 -> 19 | H10: =SUMIFS('All Matches'!$H:$H,'All Matches'!$A:$A,$A10) -> 23 | I10: =SUMIFS('All Matches'!$I:$I,'All Matches'!$A:$A,$A10) -> 8 | J10: =H10-I10 -> 15 | K10: DWDWDWLDWW
A11: Croatia | B11: Left | C11: L | D11: =COUNTIFS('All Matches'!$A:$A,$A11,'All Matches'!$J:$J,"W") -> 7 | E11: =COUNTIFS('All Matches'!$A:$A,$A11,'All Matches'!$J:$J,"D") -> 0 | F11: =COUNTIFS('All Matches'!$A:$A,$A11,'All Matches'!$J:$J,"L") -> 3 | G11: =D11*3+E11 -> 21 | H11: =SUMIFS('All Matches'!$H:$H,'All Matches'!$A:$A,$A11) -> 19 | I11: =SUMIFS('All Matches'!$I:$I,'All Matches'!$A:$A,$A11) -> 15 | J11: =H11-I11 -> 4 | K11: WWLWLLWWWW
A12: Spain | B12: Left | C12: H | D12: =COUNTIFS('All Matches'!$A:$A,$A12,'All Matches'!$J:$J,"W") -> 6 | E12: =COUNTIFS('All Matches'!$A:$A,$A12,'All Matches'!$J:$J,"D") -> 4 | F12: =COUNTIFS('All Matches'!$A:$A,$A12,'All Matches'!$J:$J,"L") -> 0 | G12: =D12*3+E12 -> 22 | H12: =SUMIFS('All Matches'!$H:$H,'All Matches'!$A:$A,$A12) -> 22 | I12: =SUMIFS('All Matches'!$I:$I,'All Matches'!$A:$A,$A12) -> 4 | J12: =H12-I12 -> 18 | K12: WWDWDDWDWW
A13: Austria | B13: Left | C13: J | D13: =COUNTIFS('All Matches'!$A:$A,$A13,'All Matches'!$J:$J,"W") -> 7 | E13: =COUNTIFS('All Matches'!$A:$A,$A13,'All Matches'!$J:$J,"D") -> 2 | F13: =COUNTIFS('All Matches'!$A:$A,$A13,'All Matches'!$J:$J,"L") -> 1 | G13: =D13*3+E13 -> 23 | H13: =SUMIFS('All Matches'!$H:$H,'All Matches'!$A:$A,$A13) -> 27 | I13: =SUMIFS('All Matches'!$I:$I,'All Matches'!$A:$A,$A13) -> 8 | J13: =H13-I13 -> 19 | K13: DLWWWWDWWW
A14: United States | B14: Left | C14: D | D14: =COUNTIFS('All Matches'!$A:$A,$A14,'All Matches'!$J:$J,"W") -> 6 | E14: =COUNTIFS('All Matches'!$A:$A,$A14,'All Matches'!$J:$J,"D") -> 0 | F14: =COUNTIFS('All Matches'!$A:$A,$A14,'All Matches'!$J:$J,"L") -> 4 | G14: =D14*3+E14 -> 18 | H14: =SUMIFS('All Matches'!$H:$H,'All Matches'!$A:$A,$A14) -> 23 | I14: =SUMIFS('All Matches'!$I:$I,'All Matches'!$A:$A,$A14) -> 18 | J14: =H14-I14 -> 5 | K14: LWWLWLLWWW
A15: Bosnia & Herzegovina | B15: Left | C15: B | D15: =COUNTIFS('All Matches'!$A:$A,$A15,'All Matches'!$J:$J,"W") -> 5 | E15: =COUNTIFS('All Matches'!$A:$A,$A15,'All Matches'!$J:$J,"D") -> 4 | F15: =COUNTIFS('All Matches'!$A:$A,$A15,'All Matches'!$J:$J,"L") -> 1 | G15: =D15*3+E15 -> 19 | H15: =SUMIFS('All Matches'!$H:$H,'All Matches'!$A:$A,$A15) -> 16 | I15: =SUMIFS('All Matches'!$I:$I,'All Matches'!$A:$A,$A15) -> 12 | J15: =H15-I15 -> 4 | K15: WLDDDWWDWW
... A33: Ghana | B33: Right | C33: L | D33: =COUNTIFS('All Matches'!$A:$A,$A33,'All Matches'!$J:$J,"W") -> 4 | E33: =COUNTIFS('All Matches'!$A:$A,$A33,'All Matches'!$J:$J,"D") -> 2 | F33: =COUNTIFS('All Matches'!$A:$A,$A33,'All Matches'!$J:$J,"L") -> 4 | G33: =D33*3+E33 -> 14 | H33: =SUMIFS('All Matches'!$H:$H,'All Matches'!$A:$A,$A33) -> 12 | I33: =SUMIFS('All Matches'!$I:$I,'All Matches'!$A:$A,$A33) -> 12 | J33: =H33-I33 -> 0 | K33: LDWDLLLWWW

Sheet All Matches
A1: Team | B1: # | C1: Date | D1: Competition | E1: Venue | F1: Opponent | G1: Score | H1: GF | I1: GA | J1: Result | K1: Notes
A2: Germany | B2: 1 | C2: 2026-06-25 | D2: World Cup 2026 Group | E2: N | F2: Ecuador | G2: 1-2 | H2: 1 | I2: 2 | J2: L
A3: Germany | B3: 2 | C3: 2026-06-20 | D3: World Cup 2026 Group | E3: N | F3: Ivory Coast | G3: 2-1 | H3: 2 | I3: 1 | J3: W
A4: Germany | B4: 3 | C4: 2026-06-14 | D4: World Cup 2026 Group | E4: N | F4: Curacao | G4: 7-1 | H4: 7 | I4: 1 | J4: W
A5: Germany | B5: 4 | C5: 2026-06-06 | D5: Friendly | E5: A | F5: United States | G5: 2-1 | H5: 2 | I5: 1 | J5: W
A6: Germany | B6: 5 | C6: 2026-05-31 | D6: Friendly | E6: H | F6: Finland | G6: 4-0 | H6: 4 | I6: 0 | J6: W
A7: Germany | B7: 6 | C7: 2026-03-30 | D7: Friendly | E7: H | F7: Ghana | G7: 2-1 | H7: 2 | I7: 1 | J7: W
A8: Germany | B8: 7 | C8: 2026-03-27 | D8: Friendly | E8: A | F8: Switzerland | G8: 4-3 | H8: 4 | I8: 3 | J8: W
A9: Germany | B9: 8 | C9: 2025-11-17 | D9: WC Qualifier (UEFA) | E9: H | F9: Slovakia | G9: 6-0 | H9: 6 | I9: 0 | J9: W
A10: Germany | B10: 9 | C10: 2025-11-14 | D10: WC Qualifier (UEFA) | E10: A | F10: Luxembourg | G10: 2-0 | H10: 2 | I10: 0 | J10: W
A11: Germany | B11: 10 | C11: 2025-10-13 | D11: WC Qualifier (UEFA) | E11: H | F11: Northern Ireland | G11: 1-0 | H11: 1 | I11: 0 | J11: W
A12: Paraguay | B12: 1 | C12: 2026-06-25 | D12: World Cup 2026 Group | E12: N | F12: Australia | G12: 0-0 | H12: 0 | I12: 0 | J12: D
A13: Paraguay | B13: 2 | C13: 2026-06-19 | D13: World Cup 2026 Group | E13: N | F13: Turkiye | G13: 1-0 | H13: 1 | I13: 0 | J13: W
... A27: France | B27: 6 | C27: 2026-03-29 | D27: Friendly | E27: N | F27: Colombia | G27: 3-1 | H27: 3 | I27: 1 | J27: W
A28: France | B28: 7 | C28: 2026-03-26 | D28: Friendly | E28: N | F28: Brazil | G28: 2-1 | H28: 2 | I28: 1 | J28: W | K28: CORRECTED: France won (was drafted as a loss)
A29: France | B29: 8 | C29: 2025-11-16 | D29: WC Qualifier (UEFA) | E29: H | F29: Azerbaijan | G29: 3-1 | H29: 3 | I29: 1 | J29: W
A30: France | B30: 9 | C30: 2025-11-13 | D30: WC Qualifier (UEFA) | E30: H | F30: Ukraine | G30: 4-0 | H30: 4 | I30: 0 | J30: W
A31: France | B31: 10 | C31: 2025-10-13 | D31: WC Qualifier (UEFA) | E31: H | F31: Iceland | G31: 2-2 | H31: 2 | I31: 2 | J31: D
A32: Sweden | B32: 1 | C32: 2026-06-26 | D32: World Cup 2026 Group | E32: N | F32: Japan | G32: 1-1 | H32: 1 | I32: 1 | J32: D
A33: Sweden | B33: 2 | C33: 2026-06-20 | D33: World Cup 2026 Group | E33: N | F33: Netherlands | G33: 1-5 | H33: 1 | I33: 5 | J33: L
A34: Sweden | B34: 3 | C34: 2026-06-14 | D34: World Cup 2026 Group | E34: N | F34: Tunisia | G34: 5-1 | H34: 5 | I34: 1 | J34: W
A35: Sweden | B35: 4 | C35: 2026-06-04 | D35: Friendly | E35: A | F35: Greece | G35: 2-2 | H35: 2 | I35: 2 | J35: D
A36: Sweden | B36: 5 | C36: 2026-06-01 | D36: Friendly | E36: A | F36: Norway | G36: 1-3 | H36: 1 | I36: 3 | J36: L
A37: Sweden | B37: 6 | C37: 2026-03-31 | D37: WC Qual Playoff Final | E37: H | F37: Poland | G37: 3-2 | H37: 3 | I37: 2 | J37: W
A38: Sweden | B38: 7 | C38: 2026-03-26 | D38: WC Qual Playoff SF | E38: N | F38: Ukraine | G38: 3-1 | H38: 3 | I38: 1 | J38: W | K38: Ukraine nominal host (played in Spain)
A39: Sweden | B39: 8 | C39: 2025-11-18 | D39: WC Qualifier (UEFA) | E39: A | F39: Slovenia | G39: 1-1 | H39: 1 | I39: 1 | J39: D
A40: Sweden | B40: 9 | C40: 2025-11-15 | D40: WC Qualifier (UEFA) | E40: A | F40: Switzerland | G40: 1-4 | H40: 1 | I40: 4 | J40: L
A41: Sweden | B41: 10 | C41: 2025-10-13 | D41: WC Qualifier (UEFA) | E41: H | F41: Kosovo | G41: 0-1 | H41: 0 | I41: 1 | J41: L | K41: CORRECTED: Sweden lost at home (was drafted as a win)
A42: South Africa | B42: 1 | C42: 2026-06-24 | D42: World Cup 2026 Group | E42: N | F42: South Korea | G42: 1-0 | H42: 1 | I42: 0 | J42: W
A43: South Africa | B43: 2 | C43: 2026-06-18 | D43: World Cup 2026 Group | E43: N | F43: Czechia | G43: 1-1 | H43: 1 | I43: 1 | J43: D
A44: South Africa | B44: 3 | C44: 2026-06-11 | D44: World Cup 2026 Group | E44: N | F44: Mexico | G44: 0-2 | H44: 0 | I44: 2 | J44: L
A45: South Africa | B45: 4 | C45: 2026-06-06 | D45: Friendly | E45: N | F45: Jamaica | G45: 1-1 | H45: 1 | I45: 1 | J45: D | K45: CORRECTED to 1-1 (early reports said 0-1)
A46: South Africa | B46: 5 | C46: 2026-05-29 | D46: Friendly | E46: N | F46: Nicaragua | G46: 0-0 | H46: 0 | I46: 0 | J46: D
A47: South Africa | B47: 6 | C47: 2026-03-31 | D47: Friendly | E47: N | F47: Panama | G47: 1-2 | H47: 1 | I47: 2 | J47: L
A48: South Africa | B48: 7 | C48: 2026-03-27 | D48: Friendly | E48: N | F48: Panama | G48: 1-1 | H48: 1 | I48: 1 | J48: D
A49: South Africa | B49: 8 | C49: 2026-01-04 | D49: AFCON 2025 R16 | E49: N | F49: Cameroon | G49: 1-2 | H49: 1 | I49: 2 | J49: L
A50: South Africa | B50: 9 | C50: 2025-12-29 | D50: AFCON 2025 Group | E50: N | F50: Zimbabwe | G50: 3-2 | H50: 3 | I50: 2 | J50: W
A51: South Africa | B51: 10 | C51: 2025-12-26 | D51: AFCON 2025 Group | E51: N | F51: Egypt | G51: 0-1 | H51: 0 | I51: 1 | J51: L
A52: Canada | B52: 1 | C52: 2026-06-24 | D52: World Cup 2026 Group | E52: N | F52: Switzerland | G52: 1-2 | H52: 1 | I52: 2 | J52: L
A53: Canada | B53: 2 | C53: 2026-06-18 | D53: World Cup 2026 Group | E53: N | F53: Qatar | G53: 6-0 | H53: 6 | I53: 0 | J53: W
A54: Canada | B54: 3 | C54: 2026-06-12 | D54: World Cup 2026 Group | E54: N | F54: Bosnia & Herzegovina | G54: 1-1 | H54: 1 | I54: 1 | J54: D
A55: Canada | B55: 4 | C55: 2026-06-05 | D55: Friendly | E55: A | F55: Republic of Ireland | G55: 1-1 | H55: 1 | I55: 1 | J55: D
A56: Canada | B56: 5 | C56: 2026-06-01 | D56: Friendly | E56: A | F56: Uzbekistan | G56: 2-0 | H56: 2 | I56: 0 | J56: W
A57: Canada | B57: 6 | C57: 2026-03-31 | D57: Friendly | E57: A | F57: Tunisia | G57: 0-0 | H57: 0 | I57: 0 | J57: D
... A78: Morocco | B78: 7 | C78: 2026-03-27 | D78: Friendly | E78: N | F78: Ecuador | G78: 1-1 | H78: 1 | I78: 1 | J78: D
A79: Morocco | B79: 8 | C79: 2026-01-18 | D79: AFCON 2025 Final | E79: N | F79: Senegal | G79: 0-1 | H79: 0 | I79: 1 | J79: L | K79: On-field 0-1 a.e.t.; CAF Appeal Board later awarded Morocco a 3-0 win (Morocco = 2025 AFCON champions); CAS appeal pending
A80: Morocco | B80: 9 | C80: 2026-01-14 | D80: AFCON 2025 SF | E80: N | F80: Nigeria | G80: 0-0 | H80: 0 | I80: 0 | J80: W | K80: Won 4-2 on penalties
A81: Morocco | B81: 10 | C81: 2026-01-09 | D81: AFCON 2025 QF | E81: N | F81: Cameroon | G81: 2-0 | H81: 2 | I81: 0 | J81: W
A82: Portugal | B82: 1 | C82: 2026-06-27 | D82: World Cup 2026 Group | E82: N | F82: Colombia | G82: 0-0 | H82: 0 | I82: 0 | J82: D
A83: Portugal | B83: 2 | C83: 2026-06-23 | D83: World Cup 2026 Group | E83: N | F83: Uzbekistan | G83: 5-0 | H83: 5 | I83: 0 | J83: W
A84: Portugal | B84: 3 | C84: 2026-06-17 | D84: World Cup 2026 Group | E84: N | F84: DR Congo | G84: 1-1 | H84: 1 | I84: 1 | J84: D
A85: Portugal | B85: 4 | C85: 2026-03-31 | D85: Friendly | E85: N | F85: United States | G85: 2-0 | H85: 2 | I85: 0 | J85: W | K85: Atlanta
A86: Portugal | B86: 5 | C86: 2026-03-28 | D86: Friendly | E86: A | F86: Mexico | G86: 0-0 | H86: 0 | I86: 0 | J86: D
A87: Portugal | B87: 6 | C87: 2025-11-16 | D87: WC Qualifier (UEFA) | E87: A | F87: Armenia | G87: 9-1 | H87: 9 | I87: 1 | J87: W
A88: Portugal | B88: 7 | C88: 2025-11-13 | D88: WC Qualifier (UEFA) | E88: A | F88: Republic of Ireland | G88: 0-2 | H88: 0 | I88: 2 | J88: L | K88: CORRECTED: Portugal lost in Dublin (was drafted 2-0 W home)
A89: Portugal | B89: 8 | C89: 2025-10-14 | D89: WC Qualifier (UEFA) | E89: H | F89: Hungary | G89: 2-2 | H89: 2 | I89: 2 | J89: D
A90: Portugal | B90: 9 | C90: 2025-10-11 | D90: WC Qualifier (UEFA) | E90: H | F90: Republic of Ireland | G90: 1-0 | H90: 1 | I90: 0 | J90: W
A91: Portugal | B91: 10 | C91: 2025-09-09 | D91: WC Qualifier (UEFA) | E91: A | F91: Hungary | G91: 3-2 | H91: 3 | I91: 2 | J91: W
A92: Croatia | B92: 1 | C92: 2026-06-27 | D92: World Cup 2026 Group | E92: N | F92: Ghana | G92: 2-1 | H92: 2 | I92: 1 | J92: W
A93: Croatia | B93: 2 | C93: 2026-06-23 | D93: World Cup 2026 Group | E93: N | F93: Panama | G93: 1-0 | H93: 1 | I93: 0 | J93: W
A94: Croatia | B94: 3 | C94: 2026-06-17 | D94: World Cup 2026 Group | E94: N | F94: England | G94: 2-4 | H94: 2 | I94: 4 | J94: L
A95: Croatia | B95: 4 | C95: 2026-06-07 | D95: Friendly | E95: H | F95: Slovenia | G95: 2-1 | H95: 2 | I95: 1 | J95: W
A96: Croatia | B96: 5 | C96: 2026-06-02 | D96: Friendly | E96: H | F96: Belgium | G96: 0-2 | H96: 0 | I96: 2 | J96: L | K96: CORRECTED: Croatia lost (was drafted 2-0 W)
A97: Croatia | B97: 6 | C97: 2026-03-31 | D97: Friendly | E97: N | F97: Brazil | G97: 1-3 | H97: 1 | I97: 3 | J97: L
A98: Croatia | B98: 7 | C98: 2026-03-26 | D98: Friendly | E98: N | F98: Colombia | G98: 2-1 | H98: 2 | I98: 1 | J98: W
A99: Croatia | B99: 8 | C99: 2025-11-17 | D99: WC Qualifier (UEFA) | E99: A | F99: Montenegro | G99: 3-2 | H99: 3 | I99: 2 | J99: W
A100: Croatia | B100: 9 | C100: 2025-11-14 | D100: WC Qualifier (UEFA) | E100: H | F100: Faroe Islands | G100: 3-1 | H100: 3 | I100: 1 | J100: W
A101: Croatia | B101: 10 | C101: 2025-10-12 | D101: WC Qualifier (UEFA) | E101: H | F101: Gibraltar | G101: 3-0 | H101: 3 | I101: 0 | J101: W
A102: Spain | B102: 1 | C102: 2026-06-26 | D102: World Cup 2026 Group | E102: N | F102: Uruguay | G102: 1-0 | H102: 1 | I102: 0 | J102: W
A103: Spain | B103: 2 | C103: 2026-06-21 | D103: World Cup 2026 Group | E103: N | F103: Saudi Arabia | G103: 4-0 | H103: 4 | I103: 0 | J103: W
A104: Spain | B104: 3 | C104: 2026-06-15 | D104: World Cup 2026 Group | E104: N | F104: Cape Verde | G104: 0-0 | H104: 0 | I104: 0 | J104: D
A105: Spain | B105: 4 | C105: 2026-06-08 | D105: Friendly | E105: N | F105: Peru | G105: 3-1 | H105: 3 | I105: 1 | J105: W | K105: Puebla, Mexico
A106: Spain | B106: 5 | C106: 2026-06-04 | D106: Friendly | E106: H | F106: Iraq | G106: 1-1 | H106: 1 | I106: 1 | J106: D
A107: Spain | B107: 6 | C107: 2026-03-31 | D107: Friendly | E107: H | F107: Egypt | G107: 0-0 | H107: 0 | I107: 0 | J107: D
A108: Spain | B108: 7 | C108: 2026-03-27 | D108: Friendly | E108: H | F108: Serbia | G108: 3-0 | H108: 3 | I108: 0 | J108: W
A109: Spain | B109: 8 | C109: 2025-11-18 | D109: WC Qualifier (UEFA) | E109: H | F109: Turkiye | G109: 2-2 | H109: 2 | I109: 2 | J109: D
A110: Spain | B110: 9 | C110: 2025-11-15 | D110: WC Qualifier (UEFA) | E110: A | F110: Georgia | G110: 4-0 | H110: 4 | I110: 0 | J110: W
A111: Spain | B111: 10 | C111: 2025-10-14 | D111: WC Qualifier (UEFA) | E111: H | F111: Bulgaria | G111: 4-0 | H111: 4 | I111: 0 | J111: W
A112: Austria | B112: 1 | C112: 2026-06-27 | D112: World Cup 2026 Group | E112: N | F112: Algeria | G112: 3-3 | H112: 3 | I112: 3 | J112: D
A113: Austria | B113: 2 | C113: 2026-06-22 | D113: World Cup 2026 Group | E113: N | F113: Argentina | G113: 0-2 | H113: 0 | I113: 2 | J113: L
A114: Austria | B114: 3 | C114: 2026-06-17 | D114: World Cup 2026 Group | E114: N | F114: Jordan | G114: 3-1 | H114: 3 | I114: 1 | J114: W
A115: Austria | B115: 4 | C115: 2026-06-01 | D115: Friendly | E115: A | F115: Tunisia | G115: 1-0 | H115: 1 | I115: 0 | J115: W
A116: Austria | B116: 5 | C116: 2026-03-31 | D116: Friendly | E116: H | F116: South Korea | G116: 1-0 | H116: 1 | I116: 0 | J116: W
A117: Austria | B117: 6 | C117: 2026-03-27 | D117: Friendly | E117: H | F117: Ghana | G117: 5-1 | H117: 5 | I117: 1 | J117: W
A118: Austria | B118: 7 | C118: 2025-11-18 | D118: WC Qualifier (UEFA) | E118: A | F118: Bosnia & Herzegovina | G118: 1-1 | H118: 1 | I118: 1 | J118: D | K118: One source reported a 2-1 Bosnia win; recorded as 1-1 per other sources
A119: Austria | B119: 8 | C119: 2025-11-15 | D119: WC Qualifier (UEFA) | E119: A | F119: Cyprus | G119: 2-0 | H119: 2 | I119: 0 | J119: W
A120: Austria | B120: 9 | C120: 2025-10-12 | D120: WC Qualifier (UEFA) | E120: A | F120: Romania | G120: 1-0 | H120: 1 | I120: 0 | J120: W
A121: Austria | B121: 10 | C121: 2025-10-09 | D121: WC Qualifier (UEFA) | E121: H | F121: San Marino | G121: 10-0 | H121: 10 | I121: 0 | J121: W
A122: United States | B122: 1 | C122: 2026-06-25 | D122: World Cup 2026 Group | E122: H | F122: Turkiye | G122: 2-3 | H122: 2 | I122: 3 | J122: L | K122: Host nation
A123: United States | B123: 2 | C123: 2026-06-19 | D123: World Cup 2026 Group | E123: H | F123: Australia | G123: 2-0 | H123: 2 | I123: 0 | J123: W | K123: Host nation
A124: United States | B124: 3 | C124: 2026-06-12 | D124: World Cup 2026 Group | E124: H | F124: Paraguay | G124: 4-1 | H124: 4 | I124: 1 | J124: W | K124: Host nation
A125: United States | B125: 4 | C125: 2026-06-06 | D125: Friendly | E125: H | F125: Germany | G125: 1-2 | H125: 1 | I125: 2 | J125: L
A126: United States | B126: 5 | C126: 2026-05-31 | D126: Friendly | E126: H | F126: Senegal | G126: 3-2 | H126: 3 | I126: 2 | J126: W
A127: United States | B127: 6 | C127: 2026-03-31 | D127: Friendly | E127: H | F127: Portugal | G127: 0-2 | H127: 0 | I127: 2 | J127: L
A128: United States | B128: 7 | C128: 2026-03-28 | D128: Friendly | E128: H | F128: Belgium | G128: 2-5 | H128: 2 | I128: 5 | J128: L
A129: United States | B129: 8 | C129: 2025-11-18 | D129: Friendly | E129: H | F129: Uruguay | G129: 5-1 | H129: 5 | I129: 1 | J129: W
A130: United States | B130: 9 | C130: 2025-11-15 | D130: Friendly | E130: H | F130: Paraguay | G130: 2-1 | H130: 2 | I130: 1 | J130: W
A131: United States | B131: 10 | C131: 2025-10-14 | D131: Friendly | E131: H | F131: Australia | G131: 2-1 | H131: 2 | I131: 1 | J131: W
A132: Bosnia & Herzegovina | B132: 1 | C132: 2026-06-24 | D132: World Cup 2026 Group | E132: N | F132: Qatar | G132: 3-1 | H132: 3 | I132: 1 | J132: W
A133: Bosnia & Herzegovina | B133: 2 | C133: 2026-06-18 | D133: World Cup 2026 Group | E133: N | F133: Switzerland | G133: 1-4 | H133: 1 | I133: 4 | J133: L
...

Sheet Read Me & Caveats
A1: World Cup 2026 - Last 10 Matches per Knockout-Round Team (VERIFIED)
A2: Compiled and independently re-verified June 28, 2026. Teams are the 32 sides in the FOX 2026 knockout bracket.
A4: Verification: every one of the 320 matches was checked a second time against an independent source (Wikipedia team & 2026 World Cup pages, FBref, FIFA.com, UEFA/CAF, ESPN, national federations).
A6: Corrections applied in this pass:
A7: RESULTS THAT CHANGED (W/D/L):
A8: - France 2-1 Brazil (Mar 26) - France actually WON (had been recorded as a loss).
A9: - Belgium 2-0 Croatia (Jun 2) - Belgium WON; Croatia's row corrected to a 0-2 loss.
A10: - Belgium 4-2 Wales (Oct 13) - Belgium WON away (had been a loss).
A11: - Bosnia & Herzegovina 4-1 Malta (Oct 12) - Bosnia WON (score had been from Malta's side).
A12: - Sweden 0-1 Kosovo (Oct 13) - Sweden LOST at home (had been a win).
A13: - Portugal 0-2 Republic of Ireland (Nov 13) - Portugal LOST in Dublin (had been a home win).
A14: - South Africa 1-1 Jamaica (Jun 6) - corrected to a draw.
... A28: - Penalty-shootout games show the regulation score with the outcome in Notes. Round-of-32 knockout games (late June/July) are not yet completed and are excluded.
